{
    "speeddisplayguidata": {
        "x": 353,
        "y": 505.47869873046875,
        "scale": 1
    },
    "healthguidata": {
        "x": 400.5,
        "y": 461.43707275390625,
        "scale": 1
    },
    "managuidata": {
        "x": 490.5,
        "y": 487.962158203125,
        "scale": 1
    },
    "overflowguidata": {
        "x": 538,
        "y": 489.96405029296875,
        "scale": 1
    },
    "manausageguidata": {
        "x": 578,
        "y": 513.4862670898438,
        "scale": 1
    },
    "secretsguidata": {
        "x": 225.6097560975609,
        "y": 209.2226056354801,
        "scale": 2.0500000000000007
    },
    "clearsplitsguidata": {
        "x": 2.5,
        "y": 271,
        "scale": 1
    },
    "bosssplitsguidata": {
        "x": 2,
        "y": 309.5,
        "scale": 1
    },
    "purplepadtimerguidata": {
        "x": 309.9999999999999,
        "y": 188.6666666666666,
        "scale": 1.5000000000000004
    },
    "runpredictionguidata": {
        "x": 0,
        "y": 365,
        "scale": 1
    },
    "p2guidata": {
        "x": 846,
        "y": 318,
        "scale": 1
    },
    "stormcountdownguidata": {
        "x": 182.6923076923078,
        "y": 76.99621347280653,
        "scale": 2.5999999999999988
    },
    "p3guidata": {
        "x": 139.76190476190473,
        "y": 143.70771135602675,
        "scale": 2.1000000000000005
    },
    "sectiontimesguidata": {
        "x": 228.2499999999999,
        "y": 137.8807983398437,
        "scale": 2.000000000000001
    },
    "eelocationguidata": {
        "x": 192.99999999999991,
        "y": 24.49999999999999,
        "scale": 2.000000000000001
    },
    "scorecalcguidata": {
        "x": 162.24999999999991,
        "y": 233.72137451171864,
        "scale": 2.000000000000001
    },
    "witherspeedguidata": {
        "x": 171.49999999999991,
        "y": 106.35099792480464,
        "scale": 2.000000000000001
    }
}